INTERFERENCE SUPPRESSOR=SUPPRESSOR INTERFERENCE,SUPPRESSOR INTERFERENCE,SUPPRESSOR INTERFERENCE,SUPPRESSOR INTERFERENCE,SUPPRESSOR INTERFERENCE,SUPPRESSOR INTERFERENCE
BALL BEARING=BEARING BALL,BEARING-BALL,BEARING-BALL,BEARING BALL,BEARING BALL,BEARING BALL,BEARING BALL,BEARING BALL,BEARING BALL
TRACTION BAR=BARRA DE TRACAO,BAR TRACTION,BAR TRACTION,BAR TRACTION,BAR TRACTION,BAR TRACTION,BAR TRACTION
PROTECTIVE COVER=PROTECT.COVER,COVER PROTECTIVE,COVER PROTECTIVE,COVER PROTECTIVE,COVER PROTECTIVE,COVER PROTECTIVE,COVER PROTECTIVE
PRESSURE PLATE=PRESS PLATE,PLATE PRESSURE,PLATE PRESSURE,PLATE PRESSURE,PLATE PRESSURE,PLATE PRESSURE,PLATE PRESSURE
FUEL TANK ASSEMBLY=FUEL TANK AS,ASSEMBLY TANK FUEL,ASSEMBLY TANK FUEL,ASSEMBLY TANK FUEL,ASSEMBLY TANK FUEL,ASSEMBLY TANK FUEL,ASSEMBLY TANK FUEL
BALL COUPLING=COUPLING BALL,COUPLING BALL,COUPLING BALL,COUPLING BALL,COUPLING BALL,COUPLING BALL
FUEL TANK=TANK FUEL,TANK FUEL,TANK FUEL,TANK FUEL,TANK FUEL,TANK FUEL
FUEL PUMP=PUMP FUEL,PUMP FUEL,PUMP FUEL,PUMP FUEL,PUMP FUEL,PUMP FUEL
SAFETY VALVE=VALVE SAFETY,VALVE SAFETY,VALVE SAFETY,VALVE SAFETY,VALVE SAFETY,VALVE SAFETY
FUEL FILTER=FILTER FUEL,FILTER FUEL,FILTER FUEL,FILTER FUEL,FILTER FUEL,FILTER FUEL
FITTING PIPE=PIPE FITTING,PIPE FITTING,PIPE FITTING,PIPE FITTING,PIPE FITTING,PIPE FITTING
PIPE EXHAUST=EXHAUST PIPE,EXHAUST PIPE,EXHAUST PIPE,EXHAUST PIPE,EXHAUST PIPE,EXHAUST PIPE
VALVE REGULATOR=REGULATOR VALVE,REGULATOR VALVE,REGULATOR VALVE,REGULATOR VALVE,REGULATOR VALVE,REGULATOR VALVE
PIPE RADIATOR=RADIATOR PIPE,RADIATOR PIPE,RADIATOR PIPE,RADIATOR PIPE,RADIATOR PIPE,RADIATOR PIPE
PIPE CLAMP=CLAMP PIPE,CLAMP PIPE,CLAMP PIPE,CLAMP PIPE,CLAMP PIPE,CLAMP PIPE
COUPLING DOG=DOG COUPLING,DOG COUPLING,DOG COUPLING,DOG COUPLING,DOG COUPLING,DOG COUPLING
24 VDC=VDC 24,VDC 24,VDC 24,VDC 24,VDC 24,VDC 24
RUBBER RING=RING RUBBER,RING RUBBER,RING RUBBER,RING RUBBER
ACTUATOR SUPPORT=SUPPORT ACTUATOR,SUPPORT ACTUATOR,SUPPORT ACTUATOR,SUPPORT ACTUATOR
COOLER PLATE=PLATE COOLER,PLATE COOLER,PLATE COOLER,PLATE COOLER